Ticker,Universe100,HasOwnership,HasPriceHistory,UniverseSource
AADI,Yes,Yes,Yes,KSEI EQUITY latest snapshot
AALI,No,Yes,No,KSEI EQUITY latest snapshot
ABBA,No,Yes,No,KSEI EQUITY latest snapshot
ABDA,No,Yes,No,KSEI EQUITY latest snapshot
ABMM,Yes,Yes,Yes,KSEI EQUITY latest snapshot
ACES,No,Yes,No,KSEI EQUITY latest snapshot
ACRO,No,Yes,No,KSEI EQUITY latest snapshot
ACST,No,Yes,No,KSEI EQUITY latest snapshot
ADCP,No,Yes,No,KSEI EQUITY latest snapshot
ADES,Yes,Yes,Yes,KSEI EQUITY latest snapshot
ADHI,No,Yes,No,KSEI EQUITY latest snapshot
ADMF,Yes,Yes,Yes,KSEI EQUITY latest snapshot
ADMG,No,Yes,No,KSEI EQUITY latest snapshot
ADMR,Yes,Yes,Yes,KSEI EQUITY latest snapshot
ADRO,Yes,Yes,Yes,KSEI EQUITY latest snapshot
AEGS,No,Yes,No,KSEI EQUITY latest snapshot
AGAR,No,Yes,No,KSEI EQUITY latest snapshot
AGII,No,Yes,No,KSEI EQUITY latest snapshot
AGRO,No,Yes,No,KSEI EQUITY latest snapshot
AGRS,No,Yes,No,KSEI EQUITY latest snapshot
AHAP,No,Yes,No,KSEI EQUITY latest snapshot
AIMS,No,Yes,No,KSEI EQUITY latest snapshot
AISA,No,Yes,No,KSEI EQUITY latest snapshot
AKKU,No,Yes,No,KSEI EQUITY latest snapshot
AKPI,No,Yes,No,KSEI EQUITY latest snapshot
AKRA,No,Yes,No,KSEI EQUITY latest snapshot
AKSI,No,Yes,No,KSEI EQUITY latest snapshot
ALDO,No,Yes,No,KSEI EQUITY latest snapshot
ALII,Yes,Yes,Yes,KSEI EQUITY latest snapshot
ALKA,No,Yes,No,KSEI EQUITY latest snapshot
ALMI,No,Yes,No,KSEI EQUITY latest snapshot
ALTO,No,Yes,No,KSEI EQUITY latest snapshot
AMAG,No,Yes,No,KSEI EQUITY latest snapshot
AMAN,No,Yes,No,KSEI EQUITY latest snapshot
AMAR,No,Yes,No,KSEI EQUITY latest snapshot
AMFG,No,Yes,No,KSEI EQUITY latest snapshot
AMIN,No,Yes,No,KSEI EQUITY latest snapshot
AMMN,Yes,Yes,Yes,KSEI EQUITY latest snapshot
AMMS,No,Yes,No,KSEI EQUITY latest snapshot
AMOR,No,Yes,No,KSEI EQUITY latest snapshot
AMRT,Yes,Yes,Yes,KSEI EQUITY latest snapshot
ANDI,No,Yes,No,KSEI EQUITY latest snapshot
ANJT,No,Yes,No,KSEI EQUITY latest snapshot
ANTM,No,Yes,No,KSEI EQUITY latest snapshot
APEX,No,Yes,No,KSEI EQUITY latest snapshot
APIC,Yes,Yes,Yes,KSEI EQUITY latest snapshot
APII,No,Yes,No,KSEI EQUITY latest snapshot
APLI,No,Yes,No,KSEI EQUITY latest snapshot
APLN,No,Yes,No,KSEI EQUITY latest snapshot
APOL,No,Yes,No,KSEI EQUITY latest snapshot
ARCI,Yes,Yes,Yes,KSEI EQUITY latest snapshot
AREA,No,Yes,No,KSEI EQUITY latest snapshot
ARGO,No,Yes,No,KSEI EQUITY latest snapshot
ARII,No,Yes,No,KSEI EQUITY latest snapshot
ARKA,No,Yes,No,KSEI EQUITY latest snapshot
ARKO,Yes,Yes,Yes,KSEI EQUITY latest snapshot
ARMY,No,Yes,No,KSEI EQUITY latest snapshot
ARNA,No,Yes,No,KSEI EQUITY latest snapshot
ARTA,No,Yes,No,KSEI EQUITY latest snapshot
ARTI,No,Yes,No,KSEI EQUITY latest snapshot
ARTO,Yes,Yes,Yes,KSEI EQUITY latest snapshot
ASBI,No,Yes,No,KSEI EQUITY latest snapshot
ASDM,No,Yes,No,KSEI EQUITY latest snapshot
ASGR,No,Yes,No,KSEI EQUITY latest snapshot
ASHA,No,Yes,No,KSEI EQUITY latest snapshot
ASIA,No,Yes,No,KSEI EQUITY latest snapshot
ASII,No,Yes,Yes,KSEI EQUITY latest snapshot
ASJT,No,Yes,No,KSEI EQUITY latest snapshot
ASLC,No,Yes,No,KSEI EQUITY latest snapshot
ASLI,No,Yes,No,KSEI EQUITY latest snapshot
ASMI,No,Yes,No,KSEI EQUITY latest snapshot
ASPI,No,Yes,No,KSEI EQUITY latest snapshot
ASPR,No,Yes,No,KSEI EQUITY latest snapshot
ASRI,No,Yes,No,KSEI EQUITY latest snapshot
ASRM,No,Yes,No,KSEI EQUITY latest snapshot
ASSA,No,Yes,No,KSEI EQUITY latest snapshot
ATAP,No,Yes,No,KSEI EQUITY latest snapshot
ATIC,No,Yes,No,KSEI EQUITY latest snapshot
ATLA,No,Yes,No,KSEI EQUITY latest snapshot
ATPK,No,Yes,No,KSEI EQUITY latest snapshot
AUTO,No,Yes,No,KSEI EQUITY latest snapshot
AVIA,No,Yes,No,KSEI EQUITY latest snapshot
AWAN,No,Yes,No,KSEI EQUITY latest snapshot
AXIO,No,Yes,No,KSEI EQUITY latest snapshot
AYAM,No,Yes,No,KSEI EQUITY latest snapshot
AYLS,No,Yes,No,KSEI EQUITY latest snapshot
BABP,No,Yes,No,KSEI EQUITY latest snapshot
BABY,No,Yes,No,KSEI EQUITY latest snapshot
BACA,No,Yes,No,KSEI EQUITY latest snapshot
BACH,No,Yes,No,KSEI EQUITY latest snapshot
BAIK,No,Yes,No,KSEI EQUITY latest snapshot
BAJA,No,Yes,No,KSEI EQUITY latest snapshot
BALI,No,Yes,No,KSEI EQUITY latest snapshot
BANK,No,Yes,No,KSEI EQUITY latest snapshot
BAPA,No,Yes,No,KSEI EQUITY latest snapshot
BAPI,No,Yes,No,KSEI EQUITY latest snapshot
BATA,No,Yes,No,KSEI EQUITY latest snapshot
BATR,No,Yes,No,KSEI EQUITY latest snapshot
BAUT,No,Yes,No,KSEI EQUITY latest snapshot
BAYU,No,Yes,No,KSEI EQUITY latest snapshot
BBCA,No,Yes,No,KSEI EQUITY latest snapshot
BBHI,Yes,Yes,Yes,KSEI EQUITY latest snapshot
BBKP,No,Yes,No,KSEI EQUITY latest snapshot
BBLD,No,Yes,No,KSEI EQUITY latest snapshot
BBMD,No,Yes,No,KSEI EQUITY latest snapshot
BBNI,No,Yes,No,KSEI EQUITY latest snapshot
BBRI,No,Yes,No,KSEI EQUITY latest snapshot
BBRM,No,Yes,No,KSEI EQUITY latest snapshot
BBSI,Yes,Yes,Yes,KSEI EQUITY latest snapshot
BBSS,No,Yes,No,KSEI EQUITY latest snapshot
BBTN,No,Yes,No,KSEI EQUITY latest snapshot
BBYB,No,Yes,No,KSEI EQUITY latest snapshot
BCAP,No,Yes,No,KSEI EQUITY latest snapshot
BCIC,No,Yes,No,KSEI EQUITY latest snapshot
BCIP,No,Yes,No,KSEI EQUITY latest snapshot
BDKR,No,Yes,No,KSEI EQUITY latest snapshot
BDMN,Yes,Yes,Yes,KSEI EQUITY latest snapshot
BEBS,No,Yes,No,KSEI EQUITY latest snapshot
BEEF,No,Yes,No,KSEI EQUITY latest snapshot
BEER,No,Yes,No,KSEI EQUITY latest snapshot
BEKS,No,Yes,No,KSEI EQUITY latest snapshot
BELI,No,Yes,No,KSEI EQUITY latest snapshot
BELL,No,Yes,No,KSEI EQUITY latest snapshot
BESS,No,Yes,No,KSEI EQUITY latest snapshot
BEST,No,Yes,No,KSEI EQUITY latest snapshot
BFIN,Yes,Yes,Yes,KSEI EQUITY latest snapshot
BGTG,No,Yes,No,KSEI EQUITY latest snapshot
BHAT,Yes,Yes,Yes,KSEI EQUITY latest snapshot
BHIT,No,Yes,No,KSEI EQUITY latest snapshot
BIKA,No,Yes,No,KSEI EQUITY latest snapshot
BIKE,No,Yes,No,KSEI EQUITY latest snapshot
BIMA,No,Yes,No,KSEI EQUITY latest snapshot
BINA,Yes,Yes,Yes,KSEI EQUITY latest snapshot
BINO,No,Yes,No,KSEI EQUITY latest snapshot
BIPI,Yes,Yes,Yes,KSEI EQUITY latest snapshot
BIPP,No,Yes,No,KSEI EQUITY latest snapshot
BIRD,No,Yes,No,KSEI EQUITY latest snapshot
BISI,No,Yes,No,KSEI EQUITY latest snapshot
BJBR,No,Yes,No,KSEI EQUITY latest snapshot
BJTM,No,Yes,No,KSEI EQUITY latest snapshot
BKDP,No,Yes,No,KSEI EQUITY latest snapshot
BKSL,No,Yes,No,KSEI EQUITY latest snapshot
BKSW,No,Yes,No,KSEI EQUITY latest snapshot
BLES,No,Yes,No,KSEI EQUITY latest snapshot
BLOG,No,Yes,No,KSEI EQUITY latest snapshot
BLTA,No,Yes,No,KSEI EQUITY latest snapshot
BLTZ,No,Yes,No,KSEI EQUITY latest snapshot
BLUE,No,Yes,No,KSEI EQUITY latest snapshot
BMAS,Yes,Yes,Yes,KSEI EQUITY latest snapshot
BMBL,No,Yes,No,KSEI EQUITY latest snapshot
BMHS,No,Yes,No,KSEI EQUITY latest snapshot
BMRI,No,Yes,No,KSEI EQUITY latest snapshot
BMSR,No,Yes,No,KSEI EQUITY latest snapshot
BMTR,No,Yes,No,KSEI EQUITY latest snapshot
BNBA,No,Yes,No,KSEI EQUITY latest snapshot
BNBR,No,Yes,No,KSEI EQUITY latest snapshot
BNGA,Yes,Yes,Yes,KSEI EQUITY latest snapshot
BNII,No,Yes,No,KSEI EQUITY latest snapshot
BNLI,Yes,Yes,Yes,KSEI EQUITY latest snapshot
BOAT,No,Yes,No,KSEI EQUITY latest snapshot
BOBA,No,Yes,No,KSEI EQUITY latest snapshot
BOGA,Yes,Yes,Yes,KSEI EQUITY latest snapshot
BOLA,No,Yes,No,KSEI EQUITY latest snapshot
BOLT,No,Yes,No,KSEI EQUITY latest snapshot
BORN,No,Yes,No,KSEI EQUITY latest snapshot
BOSS,No,Yes,No,KSEI EQUITY latest snapshot
BPFI,No,Yes,No,KSEI EQUITY latest snapshot
BPII,No,Yes,No,KSEI EQUITY latest snapshot
BPTR,No,Yes,No,KSEI EQUITY latest snapshot
BRAM,No,Yes,No,KSEI EQUITY latest snapshot
BRAU,No,Yes,No,KSEI EQUITY latest snapshot
BREN,No,Yes,No,KSEI EQUITY latest snapshot
BRIS,Yes,Yes,Yes,KSEI EQUITY latest snapshot
BRMS,Yes,Yes,Yes,KSEI EQUITY latest snapshot
BRNA,No,Yes,No,KSEI EQUITY latest snapshot
BRPT,No,Yes,No,KSEI EQUITY latest snapshot
BRRC,No,Yes,No,KSEI EQUITY latest snapshot
BSBK,No,Yes,No,KSEI EQUITY latest snapshot
BSDE,No,Yes,No,KSEI EQUITY latest snapshot
BSIM,Yes,Yes,Yes,KSEI EQUITY latest snapshot
BSML,No,Yes,No,KSEI EQUITY latest snapshot
BSSR,No,Yes,No,KSEI EQUITY latest snapshot
BSWD,No,Yes,No,KSEI EQUITY latest snapshot
BTEK,No,Yes,No,KSEI EQUITY latest snapshot
BTEL,No,Yes,No,KSEI EQUITY latest snapshot
BTON,No,Yes,No,KSEI EQUITY latest snapshot
BTPN,Yes,Yes,Yes,KSEI EQUITY latest snapshot
BTPS,Yes,Yes,Yes,KSEI EQUITY latest snapshot
BUAH,No,Yes,No,KSEI EQUITY latest snapshot
BUDI,No,Yes,No,KSEI EQUITY latest snapshot
BUKA,Yes,Yes,Yes,KSEI EQUITY latest snapshot
BUKK,No,Yes,No,KSEI EQUITY latest snapshot
BULL,Yes,Yes,Yes,KSEI EQUITY latest snapshot
BUMI,Yes,Yes,Yes,KSEI EQUITY latest snapshot
BUVA,Yes,Yes,Yes,KSEI EQUITY latest snapshot
BVIC,No,Yes,No,KSEI EQUITY latest snapshot
BWPT,No,Yes,No,KSEI EQUITY latest snapshot
BYAN,Yes,Yes,Yes,KSEI EQUITY latest snapshot
CAKK,No,Yes,No,KSEI EQUITY latest snapshot
CAMP,No,Yes,No,KSEI EQUITY latest snapshot
CANI,No,Yes,No,KSEI EQUITY latest snapshot
CARE,No,Yes,No,KSEI EQUITY latest snapshot
CARS,No,Yes,No,KSEI EQUITY latest snapshot
CASA,No,Yes,No,KSEI EQUITY latest snapshot
CASH,No,Yes,No,KSEI EQUITY latest snapshot
CASS,No,Yes,No,KSEI EQUITY latest snapshot
CBDK,No,Yes,No,KSEI EQUITY latest snapshot
CBMF,No,Yes,No,KSEI EQUITY latest snapshot
CBPE,No,Yes,No,KSEI EQUITY latest snapshot
CBRE,No,Yes,No,KSEI EQUITY latest snapshot
CBUT,No,Yes,No,KSEI EQUITY latest snapshot
CCSI,No,Yes,No,KSEI EQUITY latest snapshot
CDIA,No,Yes,No,KSEI EQUITY latest snapshot
CEKA,No,Yes,No,KSEI EQUITY latest snapshot
CENT,No,Yes,No,KSEI EQUITY latest snapshot
CFIN,No,Yes,No,KSEI EQUITY latest snapshot
CGAS,No,Yes,No,KSEI EQUITY latest snapshot
CHEK,No,Yes,No,KSEI EQUITY latest snapshot
CHEM,No,Yes,No,KSEI EQUITY latest snapshot
CHIP,No,Yes,No,KSEI EQUITY latest snapshot
CINT,No,Yes,No,KSEI EQUITY latest snapshot
CITA,No,Yes,No,KSEI EQUITY latest snapshot
CITY,No,Yes,No,KSEI EQUITY latest snapshot
CKRA,No,Yes,No,KSEI EQUITY latest snapshot
CLAY,No,Yes,No,KSEI EQUITY latest snapshot
CLEO,No,Yes,No,KSEI EQUITY latest snapshot
CLPI,No,Yes,No,KSEI EQUITY latest snapshot
CMNP,Yes,Yes,Yes,KSEI EQUITY latest snapshot
CMNT,Yes,Yes,Yes,KSEI EQUITY latest snapshot
CMPP,No,Yes,No,KSEI EQUITY latest snapshot
CMRY,No,Yes,No,KSEI EQUITY latest snapshot
CNKO,No,Yes,No,KSEI EQUITY latest snapshot
CNMA,No,Yes,No,KSEI EQUITY latest snapshot
COAL,No,Yes,No,KSEI EQUITY latest snapshot
COCO,No,Yes,No,KSEI EQUITY latest snapshot
COIN,No,Yes,No,KSEI EQUITY latest snapshot
COWL,No,Yes,No,KSEI EQUITY latest snapshot
CPGT,No,Yes,No,KSEI EQUITY latest snapshot
CPIN,No,Yes,No,KSEI EQUITY latest snapshot
CPRI,No,Yes,No,KSEI EQUITY latest snapshot
CPRO,No,Yes,No,KSEI EQUITY latest snapshot
CRAB,No,Yes,No,KSEI EQUITY latest snapshot
CRSN,No,Yes,No,KSEI EQUITY latest snapshot
CSAP,No,Yes,No,KSEI EQUITY latest snapshot
CSIS,No,Yes,No,KSEI EQUITY latest snapshot
CSMI,No,Yes,No,KSEI EQUITY latest snapshot
CSRA,No,Yes,No,KSEI EQUITY latest snapshot
CTBN,No,Yes,No,KSEI EQUITY latest snapshot
CTRA,Yes,Yes,Yes,KSEI EQUITY latest snapshot
CTTH,No,Yes,No,KSEI EQUITY latest snapshot
CUAN,No,Yes,No,KSEI EQUITY latest snapshot
CYBR,Yes,Yes,Yes,KSEI EQUITY latest snapshot
DAAZ,No,Yes,No,KSEI EQUITY latest snapshot
DADA,No,Yes,No,KSEI EQUITY latest snapshot
DAJK,No,Yes,No,KSEI EQUITY latest snapshot
DART,No,Yes,No,KSEI EQUITY latest snapshot
DATA,No,Yes,No,KSEI EQUITY latest snapshot
DAVO,No,Yes,No,KSEI EQUITY latest snapshot
DAYA,No,Yes,No,KSEI EQUITY latest snapshot
DCII,No,Yes,No,KSEI EQUITY latest snapshot
DEAL,No,Yes,No,KSEI EQUITY latest snapshot
DEFI,No,Yes,No,KSEI EQUITY latest snapshot
DEPO,No,Yes,No,KSEI EQUITY latest snapshot
DEWA,Yes,Yes,Yes,KSEI EQUITY latest snapshot
DEWI,No,Yes,No,KSEI EQUITY latest snapshot
DFAM,No,Yes,No,KSEI EQUITY latest snapshot
DGIK,No,Yes,No,KSEI EQUITY latest snapshot
DGNS,No,Yes,No,KSEI EQUITY latest snapshot
DGSA,No,Yes,No,KSEI EQUITY latest snapshot
DGWG,No,Yes,No,KSEI EQUITY latest snapshot
DIGI,No,Yes,No,KSEI EQUITY latest snapshot
DILD,No,Yes,No,KSEI EQUITY latest snapshot
DIVA,No,Yes,No,KSEI EQUITY latest snapshot
DKFT,No,Yes,No,KSEI EQUITY latest snapshot
DKHH,No,Yes,No,KSEI EQUITY latest snapshot
DLTA,No,Yes,No,KSEI EQUITY latest snapshot
DMAD,No,Yes,No,KSEI EQUITY latest snapshot
DMAS,No,Yes,No,KSEI EQUITY latest snapshot
DMMX,No,Yes,No,KSEI EQUITY latest snapshot
DMND,No,Yes,No,KSEI EQUITY latest snapshot
DNAR,No,Yes,No,KSEI EQUITY latest snapshot
DNET,Yes,Yes,Yes,KSEI EQUITY latest snapshot
DOID,No,Yes,No,KSEI EQUITY latest snapshot
DOOH,No,Yes,No,KSEI EQUITY latest snapshot
DOSS,No,Yes,Yes,KSEI EQUITY latest snapshot
DPNS,No,Yes,No,KSEI EQUITY latest snapshot
DPUM,No,Yes,No,KSEI EQUITY latest snapshot
DRMA,No,Yes,No,KSEI EQUITY latest snapshot
DSFI,No,Yes,No,KSEI EQUITY latest snapshot
DSNG,No,Yes,No,KSEI EQUITY latest snapshot
DSSA,No,Yes,No,KSEI EQUITY latest snapshot
DUCK,No,Yes,No,KSEI EQUITY latest snapshot
DUTI,No,Yes,No,KSEI EQUITY latest snapshot
DVLA,No,Yes,No,KSEI EQUITY latest snapshot
DWGL,No,Yes,No,KSEI EQUITY latest snapshot
DYAN,No,Yes,No,KSEI EQUITY latest snapshot
EAST,No,Yes,No,KSEI EQUITY latest snapshot
ECII,No,Yes,No,KSEI EQUITY latest snapshot
EDGE,Yes,Yes,Yes,KSEI EQUITY latest snapshot
EDJSA,No,Yes,No,KSEI EQUITY latest snapshot
EDJSB,No,Yes,No,KSEI EQUITY latest snapshot
EKAD,No,Yes,No,KSEI EQUITY latest snapshot
ELIT,No,Yes,No,KSEI EQUITY latest snapshot
ELPI,Yes,Yes,Yes,KSEI EQUITY latest snapshot
ELSA,No,Yes,No,KSEI EQUITY latest snapshot
ELTY,No,Yes,No,KSEI EQUITY latest snapshot
EMAS,No,Yes,No,KSEI EQUITY latest snapshot
EMDE,No,Yes,No,KSEI EQUITY latest snapshot
EMMI,No,Yes,No,KSEI EQUITY latest snapshot
EMTK,Yes,Yes,Yes,KSEI EQUITY latest snapshot
ENAK,No,Yes,No,KSEI EQUITY latest snapshot
ENRG,Yes,Yes,Yes,KSEI EQUITY latest snapshot
ENVY,No,Yes,No,KSEI EQUITY latest snapshot
ENZO,No,Yes,No,KSEI EQUITY latest snapshot
EPAC,No,Yes,No,KSEI EQUITY latest snapshot
EPMT,Yes,Yes,Yes,KSEI EQUITY latest snapshot
ERAA,No,Yes,No,KSEI EQUITY latest snapshot
ERAL,No,Yes,No,KSEI EQUITY latest snapshot
ERTX,No,Yes,No,KSEI EQUITY latest snapshot
ESIP,No,Yes,No,KSEI EQUITY latest snapshot
ESSA,Yes,Yes,Yes,KSEI EQUITY latest snapshot
ESTA,No,Yes,No,KSEI EQUITY latest snapshot
ESTI,No,Yes,No,KSEI EQUITY latest snapshot
ETWA,No,Yes,No,KSEI EQUITY latest snapshot
EURO,No,Yes,No,KSEI EQUITY latest snapshot
EXCL,No,Yes,No,KSEI EQUITY latest snapshot
FAPA,No,Yes,No,KSEI EQUITY latest snapshot
FAST,No,Yes,No,KSEI EQUITY latest snapshot
FASW,Yes,Yes,Yes,KSEI EQUITY latest snapshot
FILM,No,Yes,No,KSEI EQUITY latest snapshot
FIMP,No,Yes,No,KSEI EQUITY latest snapshot
FINN,No,Yes,No,KSEI EQUITY latest snapshot
FIRE,No,Yes,No,KSEI EQUITY latest snapshot
FISH,No,Yes,No,KSEI EQUITY latest snapshot
FITT,No,Yes,No,KSEI EQUITY latest snapshot
FLMC,No,Yes,No,KSEI EQUITY latest snapshot
FMII,No,Yes,No,KSEI EQUITY latest snapshot
FOLK,No,Yes,No,KSEI EQUITY latest snapshot
FOOD,No,Yes,No,KSEI EQUITY latest snapshot
FORE,No,Yes,No,KSEI EQUITY latest snapshot
FORU,No,Yes,No,KSEI EQUITY latest snapshot
FORZ,No,Yes,No,KSEI EQUITY latest snapshot
FPNI,No,Yes,No,KSEI EQUITY latest snapshot
FUJI,No,Yes,No,KSEI EQUITY latest snapshot
FUTR,No,Yes,No,KSEI EQUITY latest snapshot
FWCT,No,Yes,Yes,KSEI EQUITY latest snapshot
GAMA,No,Yes,No,KSEI EQUITY latest snapshot
GDST,No,Yes,No,KSEI EQUITY latest snapshot
GDWU,No,Yes,No,KSEI EQUITY latest snapshot
GDYR,No,Yes,No,KSEI EQUITY latest snapshot
GEMA,No,Yes,No,KSEI EQUITY latest snapshot
GEMS,Yes,Yes,Yes,KSEI EQUITY latest snapshot
GGRM,No,Yes,No,KSEI EQUITY latest snapshot
GGRP,No,Yes,No,KSEI EQUITY latest snapshot
GHON,No,Yes,No,KSEI EQUITY latest snapshot
GIAA,No,Yes,No,KSEI EQUITY latest snapshot
GJTL,No,Yes,No,KSEI EQUITY latest snapshot
GLOB,No,Yes,No,KSEI EQUITY latest snapshot
GLVA,No,Yes,No,KSEI EQUITY latest snapshot
GMCW,No,Yes,No,KSEI EQUITY latest snapshot
GMFI,No,Yes,No,KSEI EQUITY latest snapshot
GMTD,No,Yes,No,KSEI EQUITY latest snapshot
GOLD,No,Yes,No,KSEI EQUITY latest snapshot
GOLF,No,Yes,No,KSEI EQUITY latest snapshot
GOLL,No,Yes,No,KSEI EQUITY latest snapshot
GOOD,Yes,Yes,Yes,KSEI EQUITY latest snapshot
GOTO,Yes,Yes,Yes,KSEI EQUITY latest snapshot
GPRA,No,Yes,No,KSEI EQUITY latest snapshot
GPSO,No,Yes,No,KSEI EQUITY latest snapshot
GREN,No,Yes,No,KSEI EQUITY latest snapshot
GRIA,No,Yes,No,KSEI EQUITY latest snapshot
GRPH,No,Yes,No,KSEI EQUITY latest snapshot
GRPM,No,Yes,No,KSEI EQUITY latest snapshot
GSMF,No,Yes,No,KSEI EQUITY latest snapshot
GTBO,No,Yes,No,KSEI EQUITY latest snapshot
GTRA,No,Yes,No,KSEI EQUITY latest snapshot
GTSI,No,Yes,No,KSEI EQUITY latest snapshot
GULA,No,Yes,No,KSEI EQUITY latest snapshot
GUNA,No,Yes,No,KSEI EQUITY latest snapshot
GWSA,No,Yes,No,KSEI EQUITY latest snapshot
GZCO,No,Yes,No,KSEI EQUITY latest snapshot
HADE,No,Yes,No,KSEI EQUITY latest snapshot
HAIS,No,Yes,No,KSEI EQUITY latest snapshot
HAJJ,No,Yes,No,KSEI EQUITY latest snapshot
HALO,No,Yes,No,KSEI EQUITY latest snapshot
HATM,No,Yes,No,KSEI EQUITY latest snapshot
HBAT,No,Yes,No,KSEI EQUITY latest snapshot
HDFA,No,Yes,No,KSEI EQUITY latest snapshot
HDIT,No,Yes,No,KSEI EQUITY latest snapshot
HDTX,No,Yes,No,KSEI EQUITY latest snapshot
HEAL,Yes,Yes,Yes,KSEI EQUITY latest snapshot
HELI,No,Yes,No,KSEI EQUITY latest snapshot
HERO,No,Yes,No,KSEI EQUITY latest snapshot
HEXA,No,Yes,No,KSEI EQUITY latest snapshot
HGII,No,Yes,No,KSEI EQUITY latest snapshot
HILL,No,Yes,No,KSEI EQUITY latest snapshot
HITS,No,Yes,No,KSEI EQUITY latest snapshot
HKMU,No,Yes,No,KSEI EQUITY latest snapshot
HMSP,No,Yes,No,KSEI EQUITY latest snapshot
HOKI,No,Yes,No,KSEI EQUITY latest snapshot
HOME,No,Yes,No,KSEI EQUITY latest snapshot
HOMI,No,Yes,No,KSEI EQUITY latest snapshot
HOPE,No,Yes,No,KSEI EQUITY latest snapshot
HOTL,No,Yes,No,KSEI EQUITY latest snapshot
HRME,No,Yes,No,KSEI EQUITY latest snapshot
HRTA,Yes,Yes,Yes,KSEI EQUITY latest snapshot
HRUM,No,Yes,No,KSEI EQUITY latest snapshot
HUMI,No,Yes,No,KSEI EQUITY latest snapshot
HYGN,No,Yes,No,KSEI EQUITY latest snapshot
IATA,No,Yes,No,KSEI EQUITY latest snapshot
IBFN,No,Yes,No,KSEI EQUITY latest snapshot
IBOS,No,Yes,No,KSEI EQUITY latest snapshot
IBST,No,Yes,No,KSEI EQUITY latest snapshot
ICBP,No,Yes,No,KSEI EQUITY latest snapshot
ICON,No,Yes,No,KSEI EQUITY latest snapshot
IDEA,No,Yes,No,KSEI EQUITY latest snapshot
IDPR,No,Yes,No,KSEI EQUITY latest snapshot
IFII,No,Yes,No,KSEI EQUITY latest snapshot
IFSH,No,Yes,No,KSEI EQUITY latest snapshot
IGAR,No,Yes,No,KSEI EQUITY latest snapshot
IIKP,No,Yes,No,KSEI EQUITY latest snapshot
IKAI,No,Yes,No,KSEI EQUITY latest snapshot
IKAN,No,Yes,No,KSEI EQUITY latest snapshot
IKBI,No,Yes,No,KSEI EQUITY latest snapshot
IKPM,No,Yes,No,KSEI EQUITY latest snapshot
IMAS,No,Yes,No,KSEI EQUITY latest snapshot
IMJS,No,Yes,No,KSEI EQUITY latest snapshot
IMPC,No,Yes,No,KSEI EQUITY latest snapshot
INAF,No,Yes,No,KSEI EQUITY latest snapshot
INAI,No,Yes,No,KSEI EQUITY latest snapshot
INCF,No,Yes,No,KSEI EQUITY latest snapshot
INCI,No,Yes,No,KSEI EQUITY latest snapshot
INCO,Yes,Yes,Yes,KSEI EQUITY latest snapshot
INDF,No,Yes,No,KSEI EQUITY latest snapshot
INDO,No,Yes,No,KSEI EQUITY latest snapshot
INDR,No,Yes,No,KSEI EQUITY latest snapshot
INDS,No,Yes,No,KSEI EQUITY latest snapshot
INDX,No,Yes,No,KSEI EQUITY latest snapshot
INDY,Yes,Yes,Yes,KSEI EQUITY latest snapshot
INET,No,Yes,No,KSEI EQUITY latest snapshot
INKP,No,Yes,No,KSEI EQUITY latest snapshot
INOV,No,Yes,No,KSEI EQUITY latest snapshot
INPC,No,Yes,No,KSEI EQUITY latest snapshot
INPP,Yes,Yes,Yes,KSEI EQUITY latest snapshot
INPS,No,Yes,No,KSEI EQUITY latest snapshot
INRU,No,Yes,No,KSEI EQUITY latest snapshot
INTA,No,Yes,No,KSEI EQUITY latest snapshot
INTD,No,Yes,No,KSEI EQUITY latest snapshot
INTP,Yes,Yes,Yes,KSEI EQUITY latest snapshot
INVS,No,Yes,No,KSEI EQUITY latest snapshot
IOTF,No,Yes,No,KSEI EQUITY latest snapshot
IPAC,No,Yes,No,KSEI EQUITY latest snapshot
IPCC,No,Yes,No,KSEI EQUITY latest snapshot
IPCM,No,Yes,No,KSEI EQUITY latest snapshot
IPOL,No,Yes,No,KSEI EQUITY latest snapshot
IPPE,No,Yes,No,KSEI EQUITY latest snapshot
IPTV,No,Yes,No,KSEI EQUITY latest snapshot
IRRA,No,Yes,No,KSEI EQUITY latest snapshot
IRSX,No,Yes,No,KSEI EQUITY latest snapshot
ISAP,No,Yes,No,KSEI EQUITY latest snapshot
ISAT,Yes,Yes,Yes,KSEI EQUITY latest snapshot
ISEA,No,Yes,No,KSEI EQUITY latest snapshot
ISSP,No,Yes,No,KSEI EQUITY latest snapshot
ITIC,No,Yes,No,KSEI EQUITY latest snapshot
ITMA,No,Yes,No,KSEI EQUITY latest snapshot
ITMG,No,Yes,No,KSEI EQUITY latest snapshot
ITTG,No,Yes,No,KSEI EQUITY latest snapshot
JAKA,No,Yes,No,KSEI EQUITY latest snapshot
JARR,No,Yes,No,KSEI EQUITY latest snapshot
JASS,No,Yes,No,KSEI EQUITY latest snapshot
JAST,No,Yes,No,KSEI EQUITY latest snapshot
JATI,No,Yes,No,KSEI EQUITY latest snapshot
JAWA,No,Yes,No,KSEI EQUITY latest snapshot
JAYA,No,Yes,No,KSEI EQUITY latest snapshot
JECC,No,Yes,No,KSEI EQUITY latest snapshot
JECX,No,Yes,No,KSEI EQUITY latest snapshot
JELI,No,Yes,No,KSEI EQUITY latest snapshot
JGLE,No,Yes,No,KSEI EQUITY latest snapshot
JIHD,No,Yes,No,KSEI EQUITY latest snapshot
JKON,No,Yes,No,KSEI EQUITY latest snapshot
JKSW,No,Yes,No,KSEI EQUITY latest snapshot
JMAS,No,Yes,No,KSEI EQUITY latest snapshot
JPFA,Yes,Yes,Yes,KSEI EQUITY latest snapshot
JRPT,No,Yes,No,KSEI EQUITY latest snapshot
JSKY,No,Yes,No,KSEI EQUITY latest snapshot
JSMR,No,Yes,No,KSEI EQUITY latest snapshot
JSPT,No,Yes,No,KSEI EQUITY latest snapshot
JTPE,No,Yes,No,KSEI EQUITY latest snapshot
KAEF,No,Yes,No,KSEI EQUITY latest snapshot
KAQI,No,Yes,No,KSEI EQUITY latest snapshot
KARK,No,Yes,No,KSEI EQUITY latest snapshot
KARW,No,Yes,No,KSEI EQUITY latest snapshot
KAYU,No,Yes,No,KSEI EQUITY latest snapshot
KBAG,No,Yes,No,KSEI EQUITY latest snapshot
KBLI,No,Yes,No,KSEI EQUITY latest snapshot
KBLM,No,Yes,No,KSEI EQUITY latest snapshot
KBLV,No,Yes,No,KSEI EQUITY latest snapshot
KBRI,No,Yes,No,KSEI EQUITY latest snapshot
KDSI,No,Yes,No,KSEI EQUITY latest snapshot
KDTN,No,Yes,No,KSEI EQUITY latest snapshot
KEEN,No,Yes,No,KSEI EQUITY latest snapshot
KEJU,No,Yes,No,KSEI EQUITY latest snapshot
KETR,No,Yes,No,KSEI EQUITY latest snapshot
KIAS,No,Yes,No,KSEI EQUITY latest snapshot
KICI,No,Yes,No,KSEI EQUITY latest snapshot
KIJA,No,Yes,No,KSEI EQUITY latest snapshot
KING,No,Yes,No,KSEI EQUITY latest snapshot
KINO,No,Yes,No,KSEI EQUITY latest snapshot
KIOS,No,Yes,No,KSEI EQUITY latest snapshot
KJEN,No,Yes,No,KSEI EQUITY latest snapshot
KKES,No,Yes,No,KSEI EQUITY latest snapshot
KKGI,No,Yes,No,KSEI EQUITY latest snapshot
KLAS,No,Yes,No,KSEI EQUITY latest snapshot
KLBF,Yes,Yes,Yes,KSEI EQUITY latest snapshot
KLIN,No,Yes,No,KSEI EQUITY latest snapshot
KMDS,No,Yes,No,KSEI EQUITY latest snapshot
KMTR,No,Yes,No,KSEI EQUITY latest snapshot
KOBX,No,Yes,No,KSEI EQUITY latest snapshot
KOCI,No,Yes,No,KSEI EQUITY latest snapshot
KOIN,No,Yes,No,KSEI EQUITY latest snapshot
KOKA,No,Yes,No,KSEI EQUITY latest snapshot
KONI,No,Yes,No,KSEI EQUITY latest snapshot
KOPI,No,Yes,No,KSEI EQUITY latest snapshot
KOTA,No,Yes,No,KSEI EQUITY latest snapshot
KPAL,No,Yes,No,KSEI EQUITY latest snapshot
KPAS,No,Yes,No,KSEI EQUITY latest snapshot
KPIG,Yes,Yes,Yes,KSEI EQUITY latest snapshot
KRAH,No,Yes,No,KSEI EQUITY latest snapshot
KRAS,No,Yes,No,KSEI EQUITY latest snapshot
KREN,No,Yes,No,KSEI EQUITY latest snapshot
KRYA,No,Yes,No,KSEI EQUITY latest snapshot
KSIX,No,Yes,No,KSEI EQUITY latest snapshot
KUAS,No,Yes,No,KSEI EQUITY latest snapshot
LABA,No,Yes,No,KSEI EQUITY latest snapshot
LABS,No,Yes,No,KSEI EQUITY latest snapshot
LAJU,No,Yes,No,KSEI EQUITY latest snapshot
LAND,No,Yes,No,KSEI EQUITY latest snapshot
LAPD,No,Yes,No,KSEI EQUITY latest snapshot
LCGP,No,Yes,No,KSEI EQUITY latest snapshot
LCKM,No,Yes,No,KSEI EQUITY latest snapshot
LEAD,No,Yes,No,KSEI EQUITY latest snapshot
LFLO,No,Yes,No,KSEI EQUITY latest snapshot
LIFE,Yes,Yes,Yes,KSEI EQUITY latest snapshot
LINK,No,Yes,No,KSEI EQUITY latest snapshot
LION,No,Yes,No,KSEI EQUITY latest snapshot
LIVE,No,Yes,No,KSEI EQUITY latest snapshot
LMAS,No,Yes,No,KSEI EQUITY latest snapshot
LMAX,No,Yes,No,KSEI EQUITY latest snapshot
LMPI,No,Yes,No,KSEI EQUITY latest snapshot
LMSH,No,Yes,No,KSEI EQUITY latest snapshot
LOPI,No,Yes,No,KSEI EQUITY latest snapshot
LPCK,No,Yes,No,KSEI EQUITY latest snapshot
LPGI,No,Yes,No,KSEI EQUITY latest snapshot
LPIN,No,Yes,No,KSEI EQUITY latest snapshot
LPKR,No,Yes,No,KSEI EQUITY latest snapshot
LPLI,No,Yes,No,KSEI EQUITY latest snapshot
LPPF,No,Yes,No,KSEI EQUITY latest snapshot
LPPS,No,Yes,No,KSEI EQUITY latest snapshot
LRNA,No,Yes,No,KSEI EQUITY latest snapshot
LSIP,No,Yes,No,KSEI EQUITY latest snapshot
LTLS,No,Yes,No,KSEI EQUITY latest snapshot
LUCK,No,Yes,No,KSEI EQUITY latest snapshot
LUCY,No,Yes,No,KSEI EQUITY latest snapshot
MABA,No,Yes,No,KSEI EQUITY latest snapshot
MAGP,No,Yes,No,KSEI EQUITY latest snapshot
MAHA,No,Yes,No,KSEI EQUITY latest snapshot
MAIN,No,Yes,Yes,KSEI EQUITY latest snapshot
MAMI,No,Yes,No,KSEI EQUITY latest snapshot
MAMIP,No,Yes,No,KSEI EQUITY latest snapshot
MANG,No,Yes,No,KSEI EQUITY latest snapshot
MANY,No,Yes,No,KSEI EQUITY latest snapshot
MAPA,No,Yes,No,KSEI EQUITY latest snapshot
MAPB,No,Yes,No,KSEI EQUITY latest snapshot
MAPI,Yes,Yes,Yes,KSEI EQUITY latest snapshot
MARI,No,Yes,No,KSEI EQUITY latest snapshot
MARK,No,Yes,No,KSEI EQUITY latest snapshot
MASB,No,Yes,No,KSEI EQUITY latest snapshot
MAXI,No,Yes,No,KSEI EQUITY latest snapshot
MAYA,No,Yes,No,KSEI EQUITY latest snapshot
MBAP,No,Yes,No,KSEI EQUITY latest snapshot
MBMA,No,Yes,No,KSEI EQUITY latest snapshot
MBSS,No,Yes,No,KSEI EQUITY latest snapshot
MBTO,No,Yes,No,KSEI EQUITY latest snapshot
MCAS,No,Yes,No,KSEI EQUITY latest snapshot
MCOL,No,Yes,No,KSEI EQUITY latest snapshot
MCOR,No,Yes,No,KSEI EQUITY latest snapshot
MDIA,Yes,Yes,Yes,KSEI EQUITY latest snapshot
MDIY,Yes,Yes,Yes,KSEI EQUITY latest snapshot
MDKA,Yes,Yes,Yes,KSEI EQUITY latest snapshot
MDKI,No,Yes,No,KSEI EQUITY latest snapshot
MDLA,No,Yes,Yes,KSEI EQUITY latest snapshot
MDLN,No,Yes,No,KSEI EQUITY latest snapshot
MDRN,No,Yes,No,KSEI EQUITY latest snapshot
MEDC,Yes,Yes,Yes,KSEI EQUITY latest snapshot
MEDS,No,Yes,No,KSEI EQUITY latest snapshot
MEGA,Yes,Yes,Yes,KSEI EQUITY latest snapshot
MEJA,No,Yes,No,KSEI EQUITY latest snapshot
MENN,No,Yes,No,KSEI EQUITY latest snapshot
MERI,No,Yes,No,KSEI EQUITY latest snapshot
MERK,No,Yes,No,KSEI EQUITY latest snapshot
META,No,Yes,No,KSEI EQUITY latest snapshot
MFMI,No,Yes,No,KSEI EQUITY latest snapshot
MGLV,Yes,Yes,Yes,KSEI EQUITY latest snapshot
MGNA,No,Yes,No,KSEI EQUITY latest snapshot
MGRO,No,Yes,No,KSEI EQUITY latest snapshot
MHKI,No,Yes,No,KSEI EQUITY latest snapshot
MICE,No,Yes,No,KSEI EQUITY latest snapshot
MIDI,Yes,Yes,Yes,KSEI EQUITY latest snapshot
MIKA,Yes,Yes,Yes,KSEI EQUITY latest snapshot
MINA,No,Yes,No,KSEI EQUITY latest snapshot
MINE,No,Yes,No,KSEI EQUITY latest snapshot
MIRA,No,Yes,No,KSEI EQUITY latest snapshot
MITI,No,Yes,No,KSEI EQUITY latest snapshot
MKAP,No,Yes,No,KSEI EQUITY latest snapshot
MKNT,No,Yes,No,KSEI EQUITY latest snapshot
MKPI,No,Yes,No,KSEI EQUITY latest snapshot
MKTR,No,Yes,No,KSEI EQUITY latest snapshot
MLBI,No,Yes,No,KSEI EQUITY latest snapshot
MLIA,No,Yes,No,KSEI EQUITY latest snapshot
MLPL,No,Yes,No,KSEI EQUITY latest snapshot
MLPT,Yes,Yes,Yes,KSEI EQUITY latest snapshot
MMIX,No,Yes,No,KSEI EQUITY latest snapshot
MMLP,No,Yes,No,KSEI EQUITY latest snapshot
MNCN,No,Yes,No,KSEI EQUITY latest snapshot
MOLI,No,Yes,No,KSEI EQUITY latest snapshot
MORA,Yes,Yes,Yes,KSEI EQUITY latest snapshot
MPIX,No,Yes,No,KSEI EQUITY latest snapshot
MPMX,No,Yes,No,KSEI EQUITY latest snapshot
MPOW,No,Yes,No,KSEI EQUITY latest snapshot
MPPA,No,Yes,No,KSEI EQUITY latest snapshot
MPRO,No,Yes,No,KSEI EQUITY latest snapshot
MPXL,No,Yes,No,KSEI EQUITY latest snapshot
MRAT,No,Yes,No,KSEI EQUITY latest snapshot
MREI,No,Yes,No,KSEI EQUITY latest snapshot
MSIE,No,Yes,No,KSEI EQUITY latest snapshot
MSIN,No,Yes,No,KSEI EQUITY latest snapshot
MSJA,No,Yes,No,KSEI EQUITY latest snapshot
MSKY,No,Yes,No,KSEI EQUITY latest snapshot
MSTI,No,Yes,No,KSEI EQUITY latest snapshot
MTDL,No,Yes,No,KSEI EQUITY latest snapshot
MTEL,No,Yes,No,KSEI EQUITY latest snapshot
MTFN,No,Yes,No,KSEI EQUITY latest snapshot
MTLA,No,Yes,No,KSEI EQUITY latest snapshot
MTMH,No,Yes,No,KSEI EQUITY latest snapshot
MTPS,No,Yes,No,KSEI EQUITY latest snapshot
MTRA,No,Yes,No,KSEI EQUITY latest snapshot
MTSM,No,Yes,No,KSEI EQUITY latest snapshot
MTWI,No,Yes,No,KSEI EQUITY latest snapshot
MUTU,No,Yes,No,KSEI EQUITY latest snapshot
MYOH,No,Yes,No,KSEI EQUITY latest snapshot
MYOR,No,Yes,No,KSEI EQUITY latest snapshot
MYRX,No,Yes,No,KSEI EQUITY latest snapshot
MYRXP,No,Yes,No,KSEI EQUITY latest snapshot
MYTX,No,Yes,No,KSEI EQUITY latest snapshot
NAIK,No,Yes,No,KSEI EQUITY latest snapshot
NANO,No,Yes,No,KSEI EQUITY latest snapshot
NASA,No,Yes,No,KSEI EQUITY latest snapshot
NASI,No,Yes,No,KSEI EQUITY latest snapshot
NATO,No,Yes,No,KSEI EQUITY latest snapshot
NAYZ,No,Yes,No,KSEI EQUITY latest snapshot
NCKL,No,Yes,No,KSEI EQUITY latest snapshot
NELY,No,Yes,No,KSEI EQUITY latest snapshot
NEST,No,Yes,No,KSEI EQUITY latest snapshot
NETV,No,Yes,No,KSEI EQUITY latest snapshot
NFCX,No,Yes,No,KSEI EQUITY latest snapshot
NICE,No,Yes,No,KSEI EQUITY latest snapshot
NICK,No,Yes,No,KSEI EQUITY latest snapshot
NICL,No,Yes,No,KSEI EQUITY latest snapshot
NIKL,No,Yes,No,KSEI EQUITY latest snapshot
NINE,No,Yes,No,KSEI EQUITY latest snapshot
NIPS,No,Yes,No,KSEI EQUITY latest snapshot
NIRO,No,Yes,No,KSEI EQUITY latest snapshot
NISP,Yes,Yes,Yes,KSEI EQUITY latest snapshot
NOBU,No,Yes,No,KSEI EQUITY latest snapshot
NPGF,No,Yes,No,KSEI EQUITY latest snapshot
NRCA,No,Yes,No,KSEI EQUITY latest snapshot
NSSS,Yes,Yes,Yes,KSEI EQUITY latest snapshot
NTBK,No,Yes,No,KSEI EQUITY latest snapshot
NUSA,No,Yes,No,KSEI EQUITY latest snapshot
NZIA,No,Yes,No,KSEI EQUITY latest snapshot
OASA,No,Yes,No,KSEI EQUITY latest snapshot
OBAT,No,Yes,No,KSEI EQUITY latest snapshot
OBMD,No,Yes,No,KSEI EQUITY latest snapshot
OCAP,No,Yes,No,KSEI EQUITY latest snapshot
OILS,No,Yes,No,KSEI EQUITY latest snapshot
OKAS,No,Yes,No,KSEI EQUITY latest snapshot
OLIV,No,Yes,No,KSEI EQUITY latest snapshot
OMED,No,Yes,No,KSEI EQUITY latest snapshot
OMRE,No,Yes,No,KSEI EQUITY latest snapshot
OPMS,No,Yes,No,KSEI EQUITY latest snapshot
PACK,Yes,Yes,Yes,KSEI EQUITY latest snapshot
PADA,No,Yes,No,KSEI EQUITY latest snapshot
PADI,No,Yes,No,KSEI EQUITY latest snapshot
PAFI,No,Yes,No,KSEI EQUITY latest snapshot
PALM,No,Yes,No,KSEI EQUITY latest snapshot
PAMG,No,Yes,No,KSEI EQUITY latest snapshot
PANI,No,Yes,No,KSEI EQUITY latest snapshot
PANR,No,Yes,No,KSEI EQUITY latest snapshot
PANS,No,Yes,No,KSEI EQUITY latest snapshot
PART,No,Yes,No,KSEI EQUITY latest snapshot
PBID,No,Yes,No,KSEI EQUITY latest snapshot
PBRX,No,Yes,No,KSEI EQUITY latest snapshot
PBSA,No,Yes,No,KSEI EQUITY latest snapshot
PCAR,No,Yes,No,KSEI EQUITY latest snapshot
PDES,No,Yes,No,KSEI EQUITY latest snapshot
PDPP,No,Yes,No,KSEI EQUITY latest snapshot
PEGE,No,Yes,No,KSEI EQUITY latest snapshot
PEHA,No,Yes,No,KSEI EQUITY latest snapshot
PEVE,No,Yes,No,KSEI EQUITY latest snapshot
PGAS,No,Yes,No,KSEI EQUITY latest snapshot
PGEO,No,Yes,No,KSEI EQUITY latest snapshot
PGJO,No,Yes,No,KSEI EQUITY latest snapshot
PGLI,No,Yes,No,KSEI EQUITY latest snapshot
PGUN,No,Yes,No,KSEI EQUITY latest snapshot
PICO,No,Yes,No,KSEI EQUITY latest snapshot
PIPA,No,Yes,No,KSEI EQUITY latest snapshot
PJAA,No,Yes,No,KSEI EQUITY latest snapshot
PJHB,No,Yes,No,KSEI EQUITY latest snapshot
PKPK,No,Yes,No,KSEI EQUITY latest snapshot
PLAN,No,Yes,No,KSEI EQUITY latest snapshot
PLAS,No,Yes,No,KSEI EQUITY latest snapshot
PLIN,Yes,Yes,Yes,KSEI EQUITY latest snapshot
PMJS,No,Yes,No,KSEI EQUITY latest snapshot
PMMP,No,Yes,No,KSEI EQUITY latest snapshot
PMUI,No,Yes,No,KSEI EQUITY latest snapshot
PNBN,No,Yes,No,KSEI EQUITY latest snapshot
PNBS,No,Yes,No,KSEI EQUITY latest snapshot
PNGO,No,Yes,No,KSEI EQUITY latest snapshot
PNIN,No,Yes,No,KSEI EQUITY latest snapshot
PNLF,No,Yes,No,KSEI EQUITY latest snapshot
PNSE,No,Yes,No,KSEI EQUITY latest snapshot
POLA,No,Yes,No,KSEI EQUITY latest snapshot
POLI,No,Yes,No,KSEI EQUITY latest snapshot
POLL,No,Yes,No,KSEI EQUITY latest snapshot
POLU,Yes,Yes,Yes,KSEI EQUITY latest snapshot
POLY,No,Yes,No,KSEI EQUITY latest snapshot
POOL,No,Yes,No,KSEI EQUITY latest snapshot
PORT,No,Yes,No,KSEI EQUITY latest snapshot
POSA,No,Yes,No,KSEI EQUITY latest snapshot
POWR,Yes,Yes,Yes,KSEI EQUITY latest snapshot
PPGL,No,Yes,No,KSEI EQUITY latest snapshot
PPRE,No,Yes,No,KSEI EQUITY latest snapshot
PPRI,No,Yes,No,KSEI EQUITY latest snapshot
PPRO,No,Yes,No,KSEI EQUITY latest snapshot
PRAS,No,Yes,No,KSEI EQUITY latest snapshot
PRAY,No,Yes,No,KSEI EQUITY latest snapshot
PRDA,No,Yes,No,KSEI EQUITY latest snapshot
PRDL,No,Yes,No,KSEI EQUITY latest snapshot
PRIM,No,Yes,No,KSEI EQUITY latest snapshot
PSAB,Yes,Yes,Yes,KSEI EQUITY latest snapshot
PSAT,No,Yes,No,KSEI EQUITY latest snapshot
PSDN,No,Yes,No,KSEI EQUITY latest snapshot
PSGO,No,Yes,No,KSEI EQUITY latest snapshot
PSKT,No,Yes,No,KSEI EQUITY latest snapshot
PSSI,No,Yes,No,KSEI EQUITY latest snapshot
PTBA,No,Yes,No,KSEI EQUITY latest snapshot
PTDU,No,Yes,No,KSEI EQUITY latest snapshot
PTIS,No,Yes,No,KSEI EQUITY latest snapshot
PTMP,No,Yes,No,KSEI EQUITY latest snapshot
PTMR,No,Yes,No,KSEI EQUITY latest snapshot
PTPP,No,Yes,No,KSEI EQUITY latest snapshot
PTPS,No,Yes,No,KSEI EQUITY latest snapshot
PTPW,No,Yes,No,KSEI EQUITY latest snapshot
PTRA,No,Yes,No,KSEI EQUITY latest snapshot
PTRO,Yes,Yes,Yes,KSEI EQUITY latest snapshot
PTSN,No,Yes,No,KSEI EQUITY latest snapshot
PTSP,No,Yes,No,KSEI EQUITY latest snapshot
PUDP,No,Yes,No,KSEI EQUITY latest snapshot
PURA,No,Yes,No,KSEI EQUITY latest snapshot
PURE,No,Yes,No,KSEI EQUITY latest snapshot
PURI,No,Yes,No,KSEI EQUITY latest snapshot
PWON,Yes,Yes,Yes,KSEI EQUITY latest snapshot
PYFA,No,Yes,No,KSEI EQUITY latest snapshot
PZZA,No,Yes,No,KSEI EQUITY latest snapshot
RAAM,No,Yes,No,KSEI EQUITY latest snapshot
RAFI,No,Yes,No,KSEI EQUITY latest snapshot
RAJA,Yes,Yes,Yes,KSEI EQUITY latest snapshot
RALS,No,Yes,No,KSEI EQUITY latest snapshot
RANC,No,Yes,No,KSEI EQUITY latest snapshot
RANS,No,Yes,Yes,KSEI EQUITY latest snapshot
RATU,Yes,Yes,Yes,KSEI EQUITY latest snapshot
RBMS,No,Yes,No,KSEI EQUITY latest snapshot
RCCC,No,Yes,No,KSEI EQUITY latest snapshot
RDTX,No,Yes,No,KSEI EQUITY latest snapshot
REAL,No,Yes,No,KSEI EQUITY latest snapshot
RELF,No,Yes,No,KSEI EQUITY latest snapshot
RELI,No,Yes,No,KSEI EQUITY latest snapshot
RGAS,No,Yes,No,KSEI EQUITY latest snapshot
RICY,No,Yes,No,KSEI EQUITY latest snapshot
RIGS,No,Yes,No,KSEI EQUITY latest snapshot
RIMO,No,Yes,No,KSEI EQUITY latest snapshot
RISE,No,Yes,No,KSEI EQUITY latest snapshot
RLCO,No,Yes,No,KSEI EQUITY latest snapshot
RMKE,No,Yes,No,KSEI EQUITY latest snapshot
RMKO,No,Yes,No,KSEI EQUITY latest snapshot
ROCK,No,Yes,No,KSEI EQUITY latest snapshot
RODA,No,Yes,No,KSEI EQUITY latest snapshot
RONY,No,Yes,No,KSEI EQUITY latest snapshot
ROTI,No,Yes,No,KSEI EQUITY latest snapshot
RSCH,No,Yes,No,KSEI EQUITY latest snapshot
RSGK,No,Yes,No,KSEI EQUITY latest snapshot
RUIS,No,Yes,No,KSEI EQUITY latest snapshot
RUNS,No,Yes,No,KSEI EQUITY latest snapshot
RYAN,No,Yes,No,KSEI EQUITY latest snapshot
SAFE,No,Yes,No,KSEI EQUITY latest snapshot
SAGE,No,Yes,No,KSEI EQUITY latest snapshot
SAME,No,Yes,No,KSEI EQUITY latest snapshot
SAMF,No,Yes,No,KSEI EQUITY latest snapshot
SAPX,No,Yes,No,KSEI EQUITY latest snapshot
SATU,No,Yes,No,KSEI EQUITY latest snapshot
SBAT,No,Yes,No,KSEI EQUITY latest snapshot
SBMA,No,Yes,No,KSEI EQUITY latest snapshot
SCCO,No,Yes,No,KSEI EQUITY latest snapshot
SCMA,Yes,Yes,Yes,KSEI EQUITY latest snapshot
SCNP,No,Yes,No,KSEI EQUITY latest snapshot
SCPI,No,Yes,No,KSEI EQUITY latest snapshot
SDMU,No,Yes,No,KSEI EQUITY latest snapshot
SDPC,No,Yes,No,KSEI EQUITY latest snapshot
SDRA,No,Yes,No,KSEI EQUITY latest snapshot
SEMA,No,Yes,No,KSEI EQUITY latest snapshot
SFAN,No,Yes,No,KSEI EQUITY latest snapshot
SGER,No,Yes,No,KSEI EQUITY latest snapshot
SGRO,Yes,Yes,Yes,KSEI EQUITY latest snapshot
SHID,No,Yes,No,KSEI EQUITY latest snapshot
SHIP,No,Yes,No,KSEI EQUITY latest snapshot
SIAP,No,Yes,No,KSEI EQUITY latest snapshot
SICO,No,Yes,No,KSEI EQUITY latest snapshot
SIDO,No,Yes,No,KSEI EQUITY latest snapshot
SILO,No,Yes,No,KSEI EQUITY latest snapshot
SIMA,No,Yes,No,KSEI EQUITY latest snapshot
SIMP,No,Yes,No,KSEI EQUITY latest snapshot
SING,No,Yes,No,KSEI EQUITY latest snapshot
SINI,Yes,Yes,Yes,KSEI EQUITY latest snapshot
SIPD,No,Yes,No,KSEI EQUITY latest snapshot
SKBM,No,Yes,No,KSEI EQUITY latest snapshot
SKLT,No,Yes,No,KSEI EQUITY latest snapshot
SKRN,No,Yes,No,KSEI EQUITY latest snapshot
SKYB,No,Yes,No,KSEI EQUITY latest snapshot
SLIS,No,Yes,No,KSEI EQUITY latest snapshot
SMAR,No,Yes,No,KSEI EQUITY latest snapshot
SMBR,No,Yes,No,KSEI EQUITY latest snapshot
SMCB,Yes,Yes,Yes,KSEI EQUITY latest snapshot
SMDM,No,Yes,No,KSEI EQUITY latest snapshot
SMDR,No,Yes,No,KSEI EQUITY latest snapshot
SMGA,No,Yes,No,KSEI EQUITY latest snapshot
SMGR,No,Yes,No,KSEI EQUITY latest snapshot
SMIL,No,Yes,No,KSEI EQUITY latest snapshot
SMKL,No,Yes,No,KSEI EQUITY latest snapshot
SMKM,No,Yes,No,KSEI EQUITY latest snapshot
SMLE,No,Yes,No,KSEI EQUITY latest snapshot
SMMA,Yes,Yes,Yes,KSEI EQUITY latest snapshot
SMMT,No,Yes,No,KSEI EQUITY latest snapshot
SMRA,No,Yes,No,KSEI EQUITY latest snapshot
SMRU,No,Yes,No,KSEI EQUITY latest snapshot
SMSM,No,Yes,No,KSEI EQUITY latest snapshot
SNLK,No,Yes,No,KSEI EQUITY latest snapshot
SOCI,No,Yes,No,KSEI EQUITY latest snapshot
SOFA,No,Yes,No,KSEI EQUITY latest snapshot
SOHO,Yes,Yes,Yes,KSEI EQUITY latest snapshot
SOLA,No,Yes,No,KSEI EQUITY latest snapshot
SONA,No,Yes,No,KSEI EQUITY latest snapshot
SOSS,No,Yes,No,KSEI EQUITY latest snapshot
SOTS,No,Yes,No,KSEI EQUITY latest snapshot
SOUL,No,Yes,No,KSEI EQUITY latest snapshot
SPMA,No,Yes,No,KSEI EQUITY latest snapshot
SPRE,No,Yes,No,KSEI EQUITY latest snapshot
SPTO,No,Yes,No,KSEI EQUITY latest snapshot
SQBB,No,Yes,No,KSEI EQUITY latest snapshot
SQBI,No,Yes,No,KSEI EQUITY latest snapshot
SQMI,No,Yes,No,KSEI EQUITY latest snapshot
SRAJ,Yes,Yes,Yes,KSEI EQUITY latest snapshot
SRIL,No,Yes,No,KSEI EQUITY latest snapshot
SRSN,No,Yes,No,KSEI EQUITY latest snapshot
SRTG,Yes,Yes,Yes,KSEI EQUITY latest snapshot
SSIA,Yes,Yes,Yes,KSEI EQUITY latest snapshot
SSMS,No,Yes,No,KSEI EQUITY latest snapshot
SSTM,No,Yes,No,KSEI EQUITY latest snapshot
STAA,No,Yes,No,KSEI EQUITY latest snapshot
STAR,No,Yes,No,KSEI EQUITY latest snapshot
STRK,No,Yes,No,KSEI EQUITY latest snapshot
STTP,Yes,Yes,Yes,KSEI EQUITY latest snapshot
SUDI,No,Yes,No,KSEI EQUITY latest snapshot
SUGI,No,Yes,No,KSEI EQUITY latest snapshot
SULI,No,Yes,No,KSEI EQUITY latest snapshot
SUNI,No,Yes,No,KSEI EQUITY latest snapshot
SUPA,No,Yes,No,KSEI EQUITY latest snapshot
SUPR,No,Yes,No,KSEI EQUITY latest snapshot
SURE,No,Yes,No,KSEI EQUITY latest snapshot
SURI,No,Yes,No,KSEI EQUITY latest snapshot
SWAT,No,Yes,No,KSEI EQUITY latest snapshot
SWID,No,Yes,No,KSEI EQUITY latest snapshot
TALF,No,Yes,No,KSEI EQUITY latest snapshot
TAMA,No,Yes,No,KSEI EQUITY latest snapshot
TAMU,No,Yes,No,KSEI EQUITY latest snapshot
TAPG,Yes,Yes,Yes,KSEI EQUITY latest snapshot
TARA,No,Yes,No,KSEI EQUITY latest snapshot
TAXI,No,Yes,No,KSEI EQUITY latest snapshot
TAYS,No,Yes,No,KSEI EQUITY latest snapshot
TBIG,Yes,Yes,Yes,KSEI EQUITY latest snapshot
TBLA,No,Yes,No,KSEI EQUITY latest snapshot
TBMS,No,Yes,No,KSEI EQUITY latest snapshot
TCID,No,Yes,No,KSEI EQUITY latest snapshot
TCPI,No,Yes,No,KSEI EQUITY latest snapshot
TDPM,No,Yes,No,KSEI EQUITY latest snapshot
TEBE,No,Yes,No,KSEI EQUITY latest snapshot
TECH,No,Yes,No,KSEI EQUITY latest snapshot
TELE,No,Yes,No,KSEI EQUITY latest snapshot
TFAS,No,Yes,No,KSEI EQUITY latest snapshot
TFCO,No,Yes,No,KSEI EQUITY latest snapshot
TGKA,No,Yes,No,KSEI EQUITY latest snapshot
TGRA,No,Yes,No,KSEI EQUITY latest snapshot
TGUK,No,Yes,No,KSEI EQUITY latest snapshot
TIFA,No,Yes,No,KSEI EQUITY latest snapshot
TINS,No,Yes,No,KSEI EQUITY latest snapshot
TIRA,No,Yes,No,KSEI EQUITY latest snapshot
TIRT,No,Yes,No,KSEI EQUITY latest snapshot
TKIM,No,Yes,Yes,KSEI EQUITY latest snapshot
TLDN,Yes,Yes,Yes,KSEI EQUITY latest snapshot
TLKM,No,Yes,No,KSEI EQUITY latest snapshot
TMAS,No,Yes,No,KSEI EQUITY latest snapshot
TMPI,No,Yes,No,KSEI EQUITY latest snapshot
TMPO,No,Yes,No,KSEI EQUITY latest snapshot
TNCA,No,Yes,No,KSEI EQUITY latest snapshot
TOBA,No,Yes,No,KSEI EQUITY latest snapshot
TOOL,No,Yes,No,KSEI EQUITY latest snapshot
TOPS,No,Yes,No,KSEI EQUITY latest snapshot
TOSK,No,Yes,No,KSEI EQUITY latest snapshot
TOTL,No,Yes,No,KSEI EQUITY latest snapshot
TOTO,No,Yes,No,KSEI EQUITY latest snapshot
TOWR,No,Yes,No,KSEI EQUITY latest snapshot
TOYS,No,Yes,No,KSEI EQUITY latest snapshot
TPIA,No,Yes,No,KSEI EQUITY latest snapshot
TPMA,No,Yes,No,KSEI EQUITY latest snapshot
TRAM,No,Yes,No,KSEI EQUITY latest snapshot
TRGU,No,Yes,No,KSEI EQUITY latest snapshot
TRIL,No,Yes,No,KSEI EQUITY latest snapshot
TRIM,No,Yes,No,KSEI EQUITY latest snapshot
TRIN,No,Yes,No,KSEI EQUITY latest snapshot
TRIO,No,Yes,No,KSEI EQUITY latest snapshot
TRIS,No,Yes,No,KSEI EQUITY latest snapshot
TRJA,No,Yes,No,KSEI EQUITY latest snapshot
TRON,No,Yes,No,KSEI EQUITY latest snapshot
TRST,No,Yes,No,KSEI EQUITY latest snapshot
TRUB,No,Yes,No,KSEI EQUITY latest snapshot
TRUE,No,Yes,No,KSEI EQUITY latest snapshot
TRUK,No,Yes,No,KSEI EQUITY latest snapshot
TRUS,No,Yes,No,KSEI EQUITY latest snapshot
TSPC,Yes,Yes,Yes,KSEI EQUITY latest snapshot
TUGU,No,Yes,No,KSEI EQUITY latest snapshot
TYRE,No,Yes,No,KSEI EQUITY latest snapshot
UANG,No,Yes,No,KSEI EQUITY latest snapshot
UCID,No,Yes,No,KSEI EQUITY latest snapshot
UDNG,No,Yes,No,KSEI EQUITY latest snapshot
UFOE,No,Yes,No,KSEI EQUITY latest snapshot
ULTJ,No,Yes,No,KSEI EQUITY latest snapshot
UNIC,No,Yes,No,KSEI EQUITY latest snapshot
UNIQ,No,Yes,No,KSEI EQUITY latest snapshot
UNIT,No,Yes,No,KSEI EQUITY latest snapshot
UNSP,No,Yes,No,KSEI EQUITY latest snapshot
UNTD,No,Yes,No,KSEI EQUITY latest snapshot
UNTR,No,Yes,No,KSEI EQUITY latest snapshot
UNVR,No,Yes,No,KSEI EQUITY latest snapshot
URBN,No,Yes,No,KSEI EQUITY latest snapshot
UVCR,No,Yes,No,KSEI EQUITY latest snapshot
VAST,No,Yes,No,KSEI EQUITY latest snapshot
VERN,No,Yes,No,KSEI EQUITY latest snapshot
VICI,No,Yes,No,KSEI EQUITY latest snapshot
VICO,No,Yes,No,KSEI EQUITY latest snapshot
VINS,No,Yes,No,KSEI EQUITY latest snapshot
VISI,No,Yes,No,KSEI EQUITY latest snapshot
VIVA,No,Yes,No,KSEI EQUITY latest snapshot
VKTR,Yes,Yes,Yes,KSEI EQUITY latest snapshot
VOKS,No,Yes,No,KSEI EQUITY latest snapshot
VRNA,No,Yes,No,KSEI EQUITY latest snapshot
VTNY,No,Yes,No,KSEI EQUITY latest snapshot
WAPO,No,Yes,No,KSEI EQUITY latest snapshot
WBSA,No,Yes,No,KSEI EQUITY latest snapshot
WEGE,No,Yes,No,KSEI EQUITY latest snapshot
WEHA,No,Yes,No,KSEI EQUITY latest snapshot
WGSH,No,Yes,No,KSEI EQUITY latest snapshot
WICO,No,Yes,No,KSEI EQUITY latest snapshot
WIDI,No,Yes,No,KSEI EQUITY latest snapshot
WIFI,Yes,Yes,Yes,KSEI EQUITY latest snapshot
WIIM,No,Yes,No,KSEI EQUITY latest snapshot
WIKA,No,Yes,No,KSEI EQUITY latest snapshot
WINE,No,Yes,No,KSEI EQUITY latest snapshot
WINR,No,Yes,No,KSEI EQUITY latest snapshot
WINS,No,Yes,No,KSEI EQUITY latest snapshot
WIRG,No,Yes,No,KSEI EQUITY latest snapshot
WMPP,No,Yes,No,KSEI EQUITY latest snapshot
WMUU,No,Yes,No,KSEI EQUITY latest snapshot
WOMF,No,Yes,No,KSEI EQUITY latest snapshot
WOOD,No,Yes,No,KSEI EQUITY latest snapshot
WOWS,No,Yes,No,KSEI EQUITY latest snapshot
WSBP,No,Yes,No,KSEI EQUITY latest snapshot
WSKT,No,Yes,No,KSEI EQUITY latest snapshot
WTON,No,Yes,No,KSEI EQUITY latest snapshot
YELO,No,Yes,No,KSEI EQUITY latest snapshot
YOII,No,Yes,No,KSEI EQUITY latest snapshot
YPAS,No,Yes,No,KSEI EQUITY latest snapshot
YULE,No,Yes,No,KSEI EQUITY latest snapshot
YUPI,Yes,Yes,Yes,KSEI EQUITY latest snapshot
ZATA,No,Yes,No,KSEI EQUITY latest snapshot
ZBRA,No,Yes,No,KSEI EQUITY latest snapshot
ZINC,No,Yes,No,KSEI EQUITY latest snapshot
ZONE,No,Yes,No,KSEI EQUITY latest snapshot
ZYRX,No,Yes,No,KSEI EQUITY latest snapshot
